file_name,class,state,label
20000.png,tile,glue_strip,tile-glue_strip
20001.png,grid,good,grid-good
20002.png,transistor,good,transistor-good
20003.png,tile,gray_stroke,tile-gray_stroke
20004.png,tile,good,tile-good
20005.png,pill,crack,pill-crack
20006.png,capsule,scratch,capsule-scratch
20007.png,hazelnut,cut,hazelnut-cut
20008.png,leather,good,leather-good
20009.png,leather,glue,leather-glue
20010.png,bottle,broken_large,bottle-broken_large
20011.png,wood,good,wood-good
20012.png,zipper,rough,zipper-rough
20013.png,screw,thread_side,screw-thread_side
20014.png,tile,glue_strip,tile-glue_strip
20015.png,bottle,contamination,bottle-contamination
20016.png,grid,broken,grid-broken
20017.png,carpet,cut,carpet-cut
20018.png,carpet,good,carpet-good
20019.png,pill,color,pill-color
20020.png,tile,rough,tile-rough
20021.png,zipper,good,zipper-good
20022.png,bottle,broken_large,bottle-broken_large
20023.png,screw,scratch_neck,screw-scratch_neck
20024.png,pill,scratch,pill-scratch
20025.png,screw,good,screw-good
20026.png,pill,faulty_imprint,pill-faulty_imprint
20027.png,screw,thread_top,screw-thread_top
20028.png,leather,good,leather-good
20029.png,wood,liquid,wood-liquid
20030.png,screw,good,screw-good
20031.png,cable,good,cable-good
20032.png,screw,thread_side,screw-thread_side
20033.png,zipper,fabric_interior,zipper-fabric_interior
20034.png,zipper,good,zipper-good
20035.png,zipper,fabric_border,zipper-fabric_border
20036.png,leather,good,leather-good
20037.png,cable,good,cable-good
20038.png,leather,poke,leather-poke
20039.png,metal_nut,flip,metal_nut-flip
20040.png,metal_nut,good,metal_nut-good
20041.png,cable,missing_cable,cable-missing_cable
20042.png,screw,thread_top,screw-thread_top
20043.png,capsule,faulty_imprint,capsule-faulty_imprint
20044.png,metal_nut,flip,metal_nut-flip
20045.png,tile,good,tile-good
20046.png,toothbrush,good,toothbrush-good
20047.png,capsule,good,capsule-good
20048.png,zipper,good,zipper-good
20049.png,screw,good,screw-good
20050.png,cable,good,cable-good
20051.png,transistor,good,transistor-good
20052.png,hazelnut,crack,hazelnut-crack
20053.png,hazelnut,print,hazelnut-print
20054.png,zipper,good,zipper-good
20055.png,metal_nut,scratch,metal_nut-scratch
20056.png,carpet,cut,carpet-cut
20057.png,carpet,good,carpet-good
20058.png,leather,fold,leather-fold
20059.png,capsule,good,capsule-good
20060.png,transistor,good,transistor-good
20061.png,pill,combined,pill-combined
20062.png,capsule,squeeze,capsule-squeeze
20063.png,zipper,squeezed_teeth,zipper-squeezed_teeth
20064.png,capsule,crack,capsule-crack
20065.png,leather,color,leather-color
20066.png,transistor,good,transistor-good
20067.png,capsule,crack,capsule-crack
20068.png,pill,pill_type,pill-pill_type
20069.png,metal_nut,color,metal_nut-color
20070.png,grid,bent,grid-bent
20071.png,wood,good,wood-good
20072.png,hazelnut,cut,hazelnut-cut
20073.png,tile,crack,tile-crack
20074.png,leather,poke,leather-poke
20075.png,zipper,good,zipper-good
20076.png,cable,good,cable-good
20077.png,leather,good,leather-good
20078.png,cable,good,cable-good
20079.png,cable,good,cable-good
20080.png,pill,crack,pill-crack
20081.png,wood,good,wood-good
20082.png,screw,scratch_head,screw-scratch_head
20083.png,wood,hole,wood-hole
20084.png,transistor,good,transistor-good
20085.png,bottle,broken_small,bottle-broken_small
20086.png,zipper,good,zipper-good
20087.png,carpet,hole,carpet-hole
20088.png,leather,good,leather-good
20089.png,zipper,fabric_interior,zipper-fabric_interior
20090.png,leather,color,leather-color
20091.png,zipper,good,zipper-good
20092.png,cable,good,cable-good
20093.png,metal_nut,bent,metal_nut-bent
20094.png,screw,good,screw-good
20095.png,tile,oil,tile-oil
20096.png,transistor,good,transistor-good
20097.png,transistor,good,transistor-good
20098.png,metal_nut,good,metal_nut-good
20099.png,metal_nut,good,metal_nut-good
20100.png,cable,good,cable-good
20101.png,carpet,good,carpet-good
20102.png,pill,good,pill-good
20103.png,capsule,scratch,capsule-scratch
20104.png,wood,good,wood-good
20105.png,bottle,contamination,bottle-contamination
20106.png,zipper,broken_teeth,zipper-broken_teeth
20107.png,pill,contamination,pill-contamination
20108.png,transistor,good,transistor-good
20109.png,hazelnut,hole,hazelnut-hole
20110.png,leather,color,leather-color
20111.png,screw,scratch_neck,screw-scratch_neck
20112.png,transistor,good,transistor-good
20113.png,transistor,good,transistor-good
20114.png,zipper,good,zipper-good
20115.png,capsule,good,capsule-good
20116.png,grid,good,grid-good
20117.png,pill,good,pill-good
20118.png,capsule,poke,capsule-poke
20119.png,leather,poke,leather-poke
20120.png,screw,good,screw-good
20121.png,carpet,color,carpet-color
20122.png,metal_nut,good,metal_nut-good
20123.png,transistor,good,transistor-good
20124.png,wood,hole,wood-hole
20125.png,transistor,cut_lead,transistor-cut_lead
20126.png,tile,crack,tile-crack
20127.png,transistor,good,transistor-good
20128.png,pill,scratch,pill-scratch
20129.png,screw,good,screw-good
20130.png,grid,good,grid-good
20131.png,metal_nut,scratch,metal_nut-scratch
20132.png,pill,crack,pill-crack
20133.png,metal_nut,bent,metal_nut-bent
20134.png,capsule,good,capsule-good
20135.png,grid,broken,grid-broken
20136.png,screw,scratch_head,screw-scratch_head
20137.png,bottle,contamination,bottle-contamination
20138.png,pill,good,pill-good
20139.png,wood,liquid,wood-liquid
20140.png,transistor,good,transistor-good
20141.png,hazelnut,good,hazelnut-good
20142.png,cable,cut_inner_insulation,cable-cut_inner_insulation
20143.png,cable,good,cable-good
20144.png,zipper,good,zipper-good
20145.png,hazelnut,print,hazelnut-print
20146.png,carpet,metal_contamination,carpet-metal_contamination
20147.png,zipper,good,zipper-good
20148.png,zipper,rough,zipper-rough
20149.png,wood,good,wood-good
20150.png,zipper,good,zipper-good
20151.png,wood,scratch,wood-scratch
20152.png,transistor,good,transistor-good
20153.png,pill,good,pill-good
20154.png,zipper,good,zipper-good
20155.png,tile,good,tile-good
20156.png,toothbrush,defective,toothbrush-defective
20157.png,tile,good,tile-good
20158.png,hazelnut,good,hazelnut-good
20159.png,metal_nut,good,metal_nut-good
20160.png,screw,scratch_head,screw-scratch_head
20161.png,screw,thread_top,screw-thread_top
20162.png,screw,scratch_head,screw-scratch_head
20163.png,cable,missing_wire,cable-missing_wire
20164.png,carpet,good,carpet-good
20165.png,leather,fold,leather-fold
20166.png,pill,contamination,pill-contamination
20167.png,wood,color,wood-color
20168.png,zipper,fabric_interior,zipper-fabric_interior
20169.png,cable,missing_cable,cable-missing_cable
20170.png,carpet,good,carpet-good
20171.png,carpet,thread,carpet-thread
20172.png,screw,manipulated_front,screw-manipulated_front
20173.png,leather,glue,leather-glue
20174.png,cable,good,cable-good
20175.png,pill,good,pill-good
20176.png,screw,good,screw-good
20177.png,zipper,split_teeth,zipper-split_teeth
20178.png,capsule,good,capsule-good
20179.png,zipper,good,zipper-good
20180.png,leather,good,leather-good
20181.png,grid,glue,grid-glue
20182.png,bottle,good,bottle-good
20183.png,cable,missing_wire,cable-missing_wire
20184.png,pill,faulty_imprint,pill-faulty_imprint
20185.png,carpet,cut,carpet-cut
20186.png,tile,glue_strip,tile-glue_strip
20187.png,metal_nut,good,metal_nut-good
20188.png,wood,scratch,wood-scratch
20189.png,transistor,misplaced,transistor-misplaced
20190.png,pill,scratch,pill-scratch
20191.png,capsule,squeeze,capsule-squeeze
20192.png,zipper,good,zipper-good
20193.png,hazelnut,cut,hazelnut-cut
20194.png,pill,crack,pill-crack
20195.png,screw,scratch_head,screw-scratch_head
20196.png,zipper,fabric_interior,zipper-fabric_interior
20197.png,zipper,rough,zipper-rough
20198.png,zipper,good,zipper-good
20199.png,hazelnut,good,hazelnut-good
20200.png,transistor,good,transistor-good
20201.png,cable,good,cable-good
20202.png,screw,scratch_neck,screw-scratch_neck
20203.png,bottle,broken_small,bottle-broken_small
20204.png,pill,good,pill-good
20205.png,leather,good,leather-good
20206.png,pill,color,pill-color
20207.png,pill,good,pill-good
20208.png,hazelnut,good,hazelnut-good
20209.png,grid,bent,grid-bent
20210.png,leather,poke,leather-poke
20211.png,capsule,good,capsule-good
20212.png,screw,good,screw-good
20213.png,wood,good,wood-good
20214.png,pill,combined,pill-combined
20215.png,carpet,cut,carpet-cut
20216.png,capsule,squeeze,capsule-squeeze
20217.png,pill,contamination,pill-contamination
20218.png,transistor,good,transistor-good
20219.png,bottle,broken_small,bottle-broken_small
20220.png,tile,oil,tile-oil
20221.png,grid,good,grid-good
20222.png,tile,good,tile-good
20223.png,bottle,broken_small,bottle-broken_small
20224.png,capsule,poke,capsule-poke
20225.png,metal_nut,color,metal_nut-color
20226.png,pill,faulty_imprint,pill-faulty_imprint
20227.png,leather,color,leather-color
20228.png,cable,good,cable-good
20229.png,transistor,damaged_case,transistor-damaged_case
20230.png,pill,good,pill-good
20231.png,screw,good,screw-good
20232.png,zipper,combined,zipper-combined
20233.png,pill,contamination,pill-contamination
20234.png,zipper,broken_teeth,zipper-broken_teeth
20235.png,capsule,scratch,capsule-scratch
20236.png,transistor,good,transistor-good
20237.png,metal_nut,good,metal_nut-good
20238.png,hazelnut,crack,hazelnut-crack
20239.png,capsule,faulty_imprint,capsule-faulty_imprint
20240.png,metal_nut,good,metal_nut-good
20241.png,hazelnut,hole,hazelnut-hole
20242.png,zipper,rough,zipper-rough
20243.png,screw,thread_side,screw-thread_side
20244.png,wood,color,wood-color
20245.png,leather,poke,leather-poke
20246.png,tile,good,tile-good
20247.png,tile,gray_stroke,tile-gray_stroke
20248.png,wood,scratch,wood-scratch
20249.png,cable,cable_swap,cable-cable_swap
20250.png,transistor,good,transistor-good
20251.png,tile,gray_stroke,tile-gray_stroke
20252.png,cable,bent_wire,cable-bent_wire
20253.png,capsule,squeeze,capsule-squeeze
20254.png,metal_nut,flip,metal_nut-flip
20255.png,metal_nut,good,metal_nut-good
20256.png,metal_nut,scratch,metal_nut-scratch
20257.png,capsule,poke,capsule-poke
20258.png,zipper,broken_teeth,zipper-broken_teeth
20259.png,hazelnut,good,hazelnut-good
20260.png,hazelnut,crack,hazelnut-crack
20261.png,screw,good,screw-good
20262.png,hazelnut,good,hazelnut-good
20263.png,hazelnut,cut,hazelnut-cut
20264.png,leather,poke,leather-poke
20265.png,leather,good,leather-good
20266.png,wood,good,wood-good
20267.png,screw,good,screw-good
20268.png,metal_nut,flip,metal_nut-flip
20269.png,cable,good,cable-good
20270.png,carpet,good,carpet-good
20271.png,screw,good,screw-good
20272.png,wood,hole,wood-hole
20273.png,transistor,bent_lead,transistor-bent_lead
20274.png,cable,good,cable-good
20275.png,capsule,poke,capsule-poke
20276.png,pill,color,pill-color
20277.png,capsule,good,capsule-good
20278.png,transistor,good,transistor-good
20279.png,zipper,squeezed_teeth,zipper-squeezed_teeth
20280.png,pill,combined,pill-combined
20281.png,leather,color,leather-color
20282.png,transistor,bent_lead,transistor-bent_lead
20283.png,pill,pill_type,pill-pill_type
20284.png,pill,good,pill-good
20285.png,screw,good,screw-good
20286.png,grid,thread,grid-thread
20287.png,tile,good,tile-good
20288.png,tile,good,tile-good
20289.png,bottle,broken_large,bottle-broken_large
20290.png,carpet,cut,carpet-cut
20291.png,bottle,broken_small,bottle-broken_small
20292.png,leather,fold,leather-fold
20293.png,leather,poke,leather-poke
20294.png,cable,good,cable-good
20295.png,zipper,squeezed_teeth,zipper-squeezed_teeth
20296.png,tile,good,tile-good
20297.png,transistor,good,transistor-good
20298.png,transistor,good,transistor-good
20299.png,transistor,good,transistor-good
20300.png,screw,scratch_neck,screw-scratch_neck
20301.png,leather,poke,leather-poke
20302.png,zipper,broken_teeth,zipper-broken_teeth
20303.png,transistor,good,transistor-good
20304.png,screw,scratch_head,screw-scratch_head
20305.png,pill,faulty_imprint,pill-faulty_imprint
20306.png,toothbrush,good,toothbrush-good
20307.png,grid,good,grid-good
20308.png,leather,color,leather-color
20309.png,screw,scratch_neck,screw-scratch_neck
20310.png,screw,good,screw-good
20311.png,transistor,good,transistor-good
20312.png,bottle,good,bottle-good
20313.png,metal_nut,scratch,metal_nut-scratch
20314.png,wood,good,wood-good
20315.png,transistor,good,transistor-good
20316.png,screw,thread_side,screw-thread_side
20317.png,wood,good,wood-good
20318.png,wood,good,wood-good
20319.png,tile,good,tile-good
20320.png,cable,good,cable-good
20321.png,screw,scratch_neck,screw-scratch_neck
20322.png,metal_nut,scratch,metal_nut-scratch
20323.png,cable,cut_inner_insulation,cable-cut_inner_insulation
20324.png,leather,good,leather-good
20325.png,capsule,good,capsule-good
20326.png,screw,good,screw-good
20327.png,screw,manipulated_front,screw-manipulated_front
20328.png,pill,crack,pill-crack
20329.png,transistor,good,transistor-good
20330.png,screw,scratch_neck,screw-scratch_neck
20331.png,capsule,good,capsule-good
20332.png,screw,good,screw-good
20333.png,carpet,good,carpet-good
20334.png,carpet,color,carpet-color
20335.png,bottle,good,bottle-good
20336.png,tile,good,tile-good
20337.png,metal_nut,color,metal_nut-color
20338.png,screw,scratch_neck,screw-scratch_neck
20339.png,cable,combined,cable-combined
20340.png,wood,good,wood-good
20341.png,screw,good,screw-good
20342.png,metal_nut,bent,metal_nut-bent
20343.png,tile,good,tile-good
20344.png,screw,good,screw-good
20345.png,leather,glue,leather-glue
20346.png,metal_nut,flip,metal_nut-flip
20347.png,metal_nut,bent,metal_nut-bent
20348.png,hazelnut,good,hazelnut-good
20349.png,pill,pill_type,pill-pill_type
20350.png,carpet,thread,carpet-thread
20351.png,cable,cable_swap,cable-cable_swap
20352.png,cable,good,cable-good
20353.png,capsule,scratch,capsule-scratch
20354.png,carpet,good,carpet-good
20355.png,capsule,crack,capsule-crack
20356.png,cable,good,cable-good
20357.png,pill,good,pill-good
20358.png,bottle,good,bottle-good
20359.png,toothbrush,defective,toothbrush-defective
20360.png,transistor,cut_lead,transistor-cut_lead
20361.png,capsule,crack,capsule-crack
20362.png,leather,fold,leather-fold
20363.png,carpet,color,carpet-color
20364.png,transistor,good,transistor-good
20365.png,zipper,rough,zipper-rough
20366.png,wood,color,wood-color
20367.png,cable,cut_inner_insulation,cable-cut_inner_insulation
20368.png,cable,cable_swap,cable-cable_swap
20369.png,leather,cut,leather-cut
20370.png,hazelnut,good,hazelnut-good
20371.png,screw,good,screw-good
20372.png,cable,good,cable-good
20373.png,bottle,good,bottle-good
20374.png,hazelnut,good,hazelnut-good
20375.png,transistor,good,transistor-good
20376.png,wood,hole,wood-hole
20377.png,screw,good,screw-good
20378.png,capsule,faulty_imprint,capsule-faulty_imprint
20379.png,grid,good,grid-good
20380.png,metal_nut,scratch,metal_nut-scratch
20381.png,screw,good,screw-good
20382.png,wood,color,wood-color
20383.png,tile,glue_strip,tile-glue_strip
20384.png,capsule,good,capsule-good
20385.png,grid,good,grid-good
20386.png,metal_nut,bent,metal_nut-bent
20387.png,capsule,good,capsule-good
20388.png,hazelnut,cut,hazelnut-cut
20389.png,screw,good,screw-good
20390.png,leather,good,leather-good
20391.png,metal_nut,color,metal_nut-color
20392.png,bottle,broken_small,bottle-broken_small
20393.png,leather,cut,leather-cut
20394.png,capsule,poke,capsule-poke
20395.png,transistor,bent_lead,transistor-bent_lead
20396.png,cable,good,cable-good
20397.png,bottle,contamination,bottle-contamination
20398.png,hazelnut,print,hazelnut-print
20399.png,tile,good,tile-good
20400.png,wood,liquid,wood-liquid
20401.png,tile,gray_stroke,tile-gray_stroke
20402.png,transistor,good,transistor-good
20403.png,zipper,combined,zipper-combined
20404.png,bottle,contamination,bottle-contamination
20405.png,tile,good,tile-good
20406.png,pill,contamination,pill-contamination
20407.png,capsule,scratch,capsule-scratch
20408.png,leather,good,leather-good
20409.png,pill,faulty_imprint,pill-faulty_imprint
20410.png,cable,good,cable-good
20411.png,capsule,crack,capsule-crack
20412.png,pill,crack,pill-crack
20413.png,cable,good,cable-good
20414.png,bottle,broken_small,bottle-broken_small
20415.png,transistor,good,transistor-good
20416.png,leather,good,leather-good
20417.png,transistor,good,transistor-good
20418.png,hazelnut,cut,hazelnut-cut
20419.png,transistor,good,transistor-good
20420.png,metal_nut,scratch,metal_nut-scratch
20421.png,zipper,good,zipper-good
20422.png,metal_nut,color,metal_nut-color
20423.png,carpet,good,carpet-good
20424.png,carpet,color,carpet-color
20425.png,pill,crack,pill-crack
20426.png,zipper,good,zipper-good
20427.png,zipper,good,zipper-good
20428.png,leather,glue,leather-glue
20429.png,transistor,damaged_case,transistor-damaged_case
20430.png,bottle,broken_small,bottle-broken_small
20431.png,zipper,good,zipper-good
20432.png,cable,good,cable-good
20433.png,bottle,broken_small,bottle-broken_small
20434.png,tile,good,tile-good
20435.png,hazelnut,crack,hazelnut-crack
20436.png,wood,scratch,wood-scratch
20437.png,pill,faulty_imprint,pill-faulty_imprint
20438.png,carpet,good,carpet-good
20439.png,grid,metal_contamination,grid-metal_contamination
20440.png,pill,color,pill-color
20441.png,tile,oil,tile-oil
20442.png,transistor,good,transistor-good
20443.png,screw,good,screw-good
20444.png,transistor,good,transistor-good
20445.png,transistor,cut_lead,transistor-cut_lead
20446.png,carpet,thread,carpet-thread
20447.png,zipper,broken_teeth,zipper-broken_teeth
20448.png,tile,glue_strip,tile-glue_strip
20449.png,leather,fold,leather-fold
20450.png,wood,hole,wood-hole
20451.png,zipper,good,zipper-good
20452.png,bottle,broken_small,bottle-broken_small
20453.png,carpet,good,carpet-good
20454.png,tile,good,tile-good
20455.png,hazelnut,good,hazelnut-good
20456.png,screw,thread_side,screw-thread_side
20457.png,hazelnut,good,hazelnut-good
20458.png,carpet,hole,carpet-hole
20459.png,metal_nut,flip,metal_nut-flip
20460.png,cable,good,cable-good
20461.png,carpet,good,carpet-good
20462.png,screw,thread_top,screw-thread_top
20463.png,leather,poke,leather-poke
20464.png,carpet,thread,carpet-thread
20465.png,capsule,faulty_imprint,capsule-faulty_imprint
20466.png,capsule,crack,capsule-crack
20467.png,metal_nut,flip,metal_nut-flip
20468.png,screw,thread_side,screw-thread_side
20469.png,metal_nut,color,metal_nut-color
20470.png,pill,pill_type,pill-pill_type
20471.png,metal_nut,bent,metal_nut-bent
20472.png,tile,good,tile-good
20473.png,bottle,good,bottle-good
20474.png,screw,manipulated_front,screw-manipulated_front
20475.png,cable,good,cable-good
20476.png,wood,good,wood-good
20477.png,transistor,good,transistor-good
20478.png,screw,thread_top,screw-thread_top
20479.png,screw,thread_top,screw-thread_top
20480.png,pill,crack,pill-crack
20481.png,screw,thread_side,screw-thread_side
20482.png,carpet,cut,carpet-cut
20483.png,cable,good,cable-good
20484.png,screw,scratch_neck,screw-scratch_neck
20485.png,screw,good,screw-good
20486.png,cable,good,cable-good
20487.png,grid,good,grid-good
20488.png,hazelnut,crack,hazelnut-crack
20489.png,pill,faulty_imprint,pill-faulty_imprint
20490.png,carpet,cut,carpet-cut
20491.png,cable,missing_wire,cable-missing_wire
20492.png,cable,cut_inner_insulation,cable-cut_inner_insulation
20493.png,screw,thread_side,screw-thread_side
20494.png,hazelnut,good,hazelnut-good
20495.png,capsule,crack,capsule-crack
20496.png,transistor,cut_lead,transistor-cut_lead
20497.png,toothbrush,defective,toothbrush-defective
20498.png,cable,cut_inner_insulation,cable-cut_inner_insulation
20499.png,zipper,split_teeth,zipper-split_teeth
20500.png,screw,good,screw-good
20501.png,tile,oil,tile-oil
20502.png,metal_nut,scratch,metal_nut-scratch
20503.png,transistor,good,transistor-good
20504.png,cable,bent_wire,cable-bent_wire
20505.png,tile,good,tile-good
20506.png,leather,fold,leather-fold
20507.png,wood,liquid,wood-liquid
20508.png,toothbrush,good,toothbrush-good
20509.png,leather,poke,leather-poke
20510.png,capsule,poke,capsule-poke
20511.png,screw,manipulated_front,screw-manipulated_front
20512.png,transistor,good,transistor-good
20513.png,transistor,good,transistor-good
20514.png,transistor,good,transistor-good
20515.png,zipper,good,zipper-good
20516.png,cable,good,cable-good
20517.png,metal_nut,scratch,metal_nut-scratch
20518.png,leather,good,leather-good
20519.png,cable,good,cable-good
20520.png,tile,good,tile-good
20521.png,pill,pill_type,pill-pill_type
20522.png,wood,good,wood-good
20523.png,metal_nut,good,metal_nut-good
20524.png,pill,good,pill-good
20525.png,zipper,combined,zipper-combined
20526.png,cable,good,cable-good
20527.png,wood,good,wood-good
20528.png,capsule,poke,capsule-poke
20529.png,carpet,cut,carpet-cut
20530.png,capsule,good,capsule-good
20531.png,hazelnut,hole,hazelnut-hole
20532.png,hazelnut,good,hazelnut-good
20533.png,hazelnut,hole,hazelnut-hole
20534.png,grid,good,grid-good
20535.png,screw,good,screw-good
20536.png,zipper,split_teeth,zipper-split_teeth
20537.png,wood,scratch,wood-scratch
20538.png,pill,contamination,pill-contamination
20539.png,toothbrush,defective,toothbrush-defective
20540.png,cable,good,cable-good
20541.png,wood,good,wood-good
20542.png,grid,metal_contamination,grid-metal_contamination
20543.png,screw,good,screw-good
20544.png,grid,good,grid-good
20545.png,zipper,squeezed_teeth,zipper-squeezed_teeth
20546.png,transistor,good,transistor-good
20547.png,tile,good,tile-good
20548.png,hazelnut,good,hazelnut-good
20549.png,pill,good,pill-good
20550.png,cable,good,cable-good
20551.png,capsule,crack,capsule-crack
20552.png,pill,color,pill-color
20553.png,pill,good,pill-good
20554.png,zipper,combined,zipper-combined
20555.png,tile,glue_strip,tile-glue_strip
20556.png,screw,good,screw-good
20557.png,capsule,good,capsule-good
20558.png,zipper,broken_teeth,zipper-broken_teeth
20559.png,screw,thread_side,screw-thread_side
20560.png,leather,glue,leather-glue
20561.png,capsule,scratch,capsule-scratch
20562.png,leather,good,leather-good
20563.png,carpet,metal_contamination,carpet-metal_contamination
20564.png,cable,good,cable-good
20565.png,hazelnut,good,hazelnut-good
20566.png,grid,good,grid-good
20567.png,grid,good,grid-good
20568.png,hazelnut,good,hazelnut-good
20569.png,screw,thread_side,screw-thread_side
20570.png,hazelnut,good,hazelnut-good
20571.png,wood,scratch,wood-scratch
20572.png,hazelnut,good,hazelnut-good
20573.png,pill,good,pill-good
20574.png,cable,missing_wire,cable-missing_wire
20575.png,wood,hole,wood-hole
20576.png,zipper,split_teeth,zipper-split_teeth
20577.png,carpet,good,carpet-good
20578.png,grid,good,grid-good
20579.png,zipper,fabric_border,zipper-fabric_border
20580.png,pill,contamination,pill-contamination
20581.png,metal_nut,bent,metal_nut-bent
20582.png,tile,good,tile-good
20583.png,carpet,hole,carpet-hole
20584.png,transistor,good,transistor-good
20585.png,transistor,good,transistor-good
20586.png,transistor,good,transistor-good
20587.png,carpet,good,carpet-good
20588.png,leather,good,leather-good
20589.png,transistor,good,transistor-good
20590.png,screw,good,screw-good
20591.png,hazelnut,cut,hazelnut-cut
20592.png,cable,good,cable-good
20593.png,zipper,broken_teeth,zipper-broken_teeth
20594.png,zipper,good,zipper-good
20595.png,metal_nut,bent,metal_nut-bent
20596.png,carpet,metal_contamination,carpet-metal_contamination
20597.png,tile,good,tile-good
20598.png,zipper,broken_teeth,zipper-broken_teeth
20599.png,hazelnut,good,hazelnut-good
20600.png,leather,good,leather-good
20601.png,hazelnut,good,hazelnut-good
20602.png,hazelnut,hole,hazelnut-hole
20603.png,cable,cut_inner_insulation,cable-cut_inner_insulation
20604.png,pill,crack,pill-crack
20605.png,cable,good,cable-good
20606.png,pill,good,pill-good
20607.png,cable,good,cable-good
20608.png,transistor,cut_lead,transistor-cut_lead
20609.png,pill,faulty_imprint,pill-faulty_imprint
20610.png,metal_nut,bent,metal_nut-bent
20611.png,grid,good,grid-good
20612.png,cable,good,cable-good
20613.png,carpet,good,carpet-good
20614.png,hazelnut,good,hazelnut-good
20615.png,capsule,crack,capsule-crack
20616.png,pill,good,pill-good
20617.png,zipper,split_teeth,zipper-split_teeth
20618.png,carpet,thread,carpet-thread
20619.png,cable,bent_wire,cable-bent_wire
20620.png,cable,good,cable-good
20621.png,cable,cut_outer_insulation,cable-cut_outer_insulation
20622.png,zipper,squeezed_teeth,zipper-squeezed_teeth
20623.png,tile,glue_strip,tile-glue_strip
20624.png,bottle,broken_small,bottle-broken_small
20625.png,carpet,hole,carpet-hole
20626.png,metal_nut,bent,metal_nut-bent
20627.png,toothbrush,good,toothbrush-good
20628.png,hazelnut,good,hazelnut-good
20629.png,bottle,broken_small,bottle-broken_small
20630.png,leather,good,leather-good
20631.png,toothbrush,defective,toothbrush-defective
20632.png,screw,good,screw-good
20633.png,screw,scratch_neck,screw-scratch_neck
20634.png,zipper,broken_teeth,zipper-broken_teeth
20635.png,leather,good,leather-good
20636.png,cable,missing_wire,cable-missing_wire
20637.png,capsule,good,capsule-good
20638.png,carpet,metal_contamination,carpet-metal_contamination
20639.png,leather,poke,leather-poke
20640.png,pill,good,pill-good
20641.png,leather,fold,leather-fold
20642.png,transistor,cut_lead,transistor-cut_lead
20643.png,bottle,broken_large,bottle-broken_large
20644.png,carpet,good,carpet-good
20645.png,zipper,fabric_interior,zipper-fabric_interior
20646.png,cable,good,cable-good
20647.png,leather,cut,leather-cut
20648.png,capsule,good,capsule-good
20649.png,zipper,split_teeth,zipper-split_teeth
20650.png,wood,hole,wood-hole
20651.png,hazelnut,print,hazelnut-print
20652.png,carpet,good,carpet-good
20653.png,screw,manipulated_front,screw-manipulated_front
20654.png,grid,thread,grid-thread
20655.png,wood,scratch,wood-scratch
20656.png,screw,scratch_neck,screw-scratch_neck
20657.png,capsule,crack,capsule-crack
20658.png,capsule,squeeze,capsule-squeeze
20659.png,leather,good,leather-good
20660.png,transistor,good,transistor-good
20661.png,cable,cut_outer_insulation,cable-cut_outer_insulation
20662.png,carpet,good,carpet-good
20663.png,transistor,good,transistor-good
20664.png,capsule,good,capsule-good
20665.png,grid,good,grid-good
20666.png,transistor,misplaced,transistor-misplaced
20667.png,hazelnut,good,hazelnut-good
20668.png,tile,rough,tile-rough
20669.png,cable,good,cable-good
20670.png,hazelnut,good,hazelnut-good
20671.png,pill,crack,pill-crack
20672.png,bottle,good,bottle-good
20673.png,pill,scratch,pill-scratch
20674.png,pill,faulty_imprint,pill-faulty_imprint
20675.png,bottle,broken_large,bottle-broken_large
20676.png,wood,good,wood-good
20677.png,pill,crack,pill-crack
20678.png,cable,good,cable-good
20679.png,tile,good,tile-good
20680.png,leather,good,leather-good
20681.png,leather,fold,leather-fold
20682.png,tile,oil,tile-oil
20683.png,pill,scratch,pill-scratch
20684.png,cable,cut_outer_insulation,cable-cut_outer_insulation
20685.png,tile,good,tile-good
20686.png,tile,good,tile-good
20687.png,hazelnut,good,hazelnut-good
20688.png,grid,good,grid-good
20689.png,leather,good,leather-good
20690.png,metal_nut,color,metal_nut-color
20691.png,cable,missing_cable,cable-missing_cable
20692.png,screw,manipulated_front,screw-manipulated_front
20693.png,pill,color,pill-color
20694.png,grid,good,grid-good
20695.png,cable,cable_swap,cable-cable_swap
20696.png,hazelnut,good,hazelnut-good
20697.png,zipper,rough,zipper-rough
20698.png,tile,good,tile-good
20699.png,bottle,contamination,bottle-contamination
20700.png,cable,missing_cable,cable-missing_cable
20701.png,leather,poke,leather-poke
20702.png,hazelnut,cut,hazelnut-cut
20703.png,screw,scratch_neck,screw-scratch_neck
20704.png,bottle,broken_small,bottle-broken_small
20705.png,carpet,color,carpet-color
20706.png,screw,good,screw-good
20707.png,transistor,damaged_case,transistor-damaged_case
20708.png,cable,cut_outer_insulation,cable-cut_outer_insulation
20709.png,wood,good,wood-good
20710.png,pill,crack,pill-crack
20711.png,pill,good,pill-good
20712.png,screw,scratch_neck,screw-scratch_neck
20713.png,grid,thread,grid-thread
20714.png,carpet,thread,carpet-thread
20715.png,wood,scratch,wood-scratch
20716.png,carpet,color,carpet-color
20717.png,leather,poke,leather-poke
20718.png,hazelnut,good,hazelnut-good
20719.png,zipper,good,zipper-good
20720.png,capsule,good,capsule-good
20721.png,transistor,good,transistor-good
20722.png,screw,manipulated_front,screw-manipulated_front
20723.png,transistor,good,transistor-good
20724.png,zipper,fabric_border,zipper-fabric_border
20725.png,transistor,good,transistor-good
20726.png,pill,crack,pill-crack
20727.png,hazelnut,good,hazelnut-good
20728.png,pill,good,pill-good
20729.png,cable,bent_wire,cable-bent_wire
20730.png,hazelnut,good,hazelnut-good
20731.png,bottle,good,bottle-good
20732.png,pill,crack,pill-crack
20733.png,pill,faulty_imprint,pill-faulty_imprint
20734.png,hazelnut,good,hazelnut-good
20735.png,metal_nut,color,metal_nut-color
20736.png,carpet,good,carpet-good
20737.png,pill,good,pill-good
20738.png,capsule,scratch,capsule-scratch
20739.png,wood,scratch,wood-scratch
20740.png,hazelnut,good,hazelnut-good
20741.png,carpet,thread,carpet-thread
20742.png,pill,color,pill-color
20743.png,pill,faulty_imprint,pill-faulty_imprint
20744.png,tile,good,tile-good
20745.png,carpet,good,carpet-good
20746.png,bottle,good,bottle-good
20747.png,pill,crack,pill-crack
20748.png,pill,combined,pill-combined
20749.png,capsule,crack,capsule-crack
20750.png,metal_nut,good,metal_nut-good
20751.png,cable,good,cable-good
20752.png,metal_nut,flip,metal_nut-flip
20753.png,transistor,good,transistor-good
20754.png,capsule,scratch,capsule-scratch
20755.png,tile,oil,tile-oil
20756.png,zipper,good,zipper-good
20757.png,bottle,good,bottle-good
20758.png,pill,good,pill-good
20759.png,capsule,good,capsule-good
20760.png,screw,good,screw-good
20761.png,hazelnut,hole,hazelnut-hole
20762.png,cable,missing_cable,cable-missing_cable
20763.png,pill,scratch,pill-scratch
20764.png,bottle,good,bottle-good
20765.png,capsule,good,capsule-good
20766.png,grid,broken,grid-broken
20767.png,zipper,fabric_border,zipper-fabric_border
20768.png,metal_nut,good,metal_nut-good
20769.png,pill,color,pill-color
20770.png,wood,color,wood-color
20771.png,carpet,metal_contamination,carpet-metal_contamination
20772.png,wood,scratch,wood-scratch
20773.png,zipper,fabric_interior,zipper-fabric_interior
20774.png,hazelnut,hole,hazelnut-hole
20775.png,screw,thread_side,screw-thread_side
20776.png,pill,combined,pill-combined
20777.png,screw,good,screw-good
20778.png,bottle,broken_large,bottle-broken_large
20779.png,capsule,crack,capsule-crack
20780.png,transistor,good,transistor-good
20781.png,leather,color,leather-color
20782.png,screw,good,screw-good
20783.png,wood,combined,wood-combined
20784.png,cable,good,cable-good
20785.png,leather,good,leather-good
20786.png,toothbrush,defective,toothbrush-defective
20787.png,toothbrush,good,toothbrush-good
20788.png,screw,scratch_head,screw-scratch_head
20789.png,cable,cut_outer_insulation,cable-cut_outer_insulation
20790.png,zipper,rough,zipper-rough
20791.png,carpet,good,carpet-good
20792.png,toothbrush,defective,toothbrush-defective
20793.png,toothbrush,defective,toothbrush-defective
20794.png,zipper,good,zipper-good
20795.png,hazelnut,crack,hazelnut-crack
20796.png,transistor,good,transistor-good
20797.png,zipper,rough,zipper-rough
20798.png,screw,good,screw-good
20799.png,pill,good,pill-good
20800.png,zipper,squeezed_teeth,zipper-squeezed_teeth
20801.png,hazelnut,crack,hazelnut-crack
20802.png,tile,rough,tile-rough
20803.png,metal_nut,color,metal_nut-color
20804.png,tile,gray_stroke,tile-gray_stroke
20805.png,wood,good,wood-good
20806.png,pill,good,pill-good
20807.png,bottle,broken_large,bottle-broken_large
20808.png,leather,glue,leather-glue
20809.png,zipper,split_teeth,zipper-split_teeth
20810.png,cable,good,cable-good
20811.png,capsule,scratch,capsule-scratch
20812.png,capsule,scratch,capsule-scratch
20813.png,grid,bent,grid-bent
20814.png,toothbrush,good,toothbrush-good
20815.png,wood,good,wood-good
20816.png,screw,good,screw-good
20817.png,bottle,contamination,bottle-contamination
20818.png,tile,crack,tile-crack
20819.png,screw,good,screw-good
20820.png,pill,scratch,pill-scratch
20821.png,hazelnut,print,hazelnut-print
20822.png,cable,good,cable-good
20823.png,metal_nut,good,metal_nut-good
20824.png,screw,good,screw-good
20825.png,cable,good,cable-good
20826.png,capsule,good,capsule-good
20827.png,cable,good,cable-good
20828.png,hazelnut,crack,hazelnut-crack
20829.png,transistor,cut_lead,transistor-cut_lead
20830.png,carpet,color,carpet-color
20831.png,grid,bent,grid-bent
20832.png,cable,good,cable-good
20833.png,capsule,faulty_imprint,capsule-faulty_imprint
20834.png,zipper,good,zipper-good
20835.png,tile,good,tile-good
20836.png,capsule,poke,capsule-poke
20837.png,screw,scratch_head,screw-scratch_head
20838.png,carpet,good,carpet-good
20839.png,pill,crack,pill-crack
20840.png,hazelnut,hole,hazelnut-hole
20841.png,bottle,broken_large,bottle-broken_large
20842.png,screw,good,screw-good
20843.png,screw,manipulated_front,screw-manipulated_front
20844.png,tile,crack,tile-crack
20845.png,transistor,bent_lead,transistor-bent_lead
20846.png,leather,color,leather-color
20847.png,bottle,contamination,bottle-contamination
20848.png,tile,oil,tile-oil
20849.png,capsule,good,capsule-good
20850.png,tile,oil,tile-oil
20851.png,wood,liquid,wood-liquid
20852.png,screw,good,screw-good
20853.png,capsule,faulty_imprint,capsule-faulty_imprint
20854.png,transistor,good,transistor-good
20855.png,capsule,crack,capsule-crack
20856.png,zipper,good,zipper-good
20857.png,hazelnut,crack,hazelnut-crack
20858.png,transistor,good,transistor-good
20859.png,zipper,rough,zipper-rough
20860.png,cable,cable_swap,cable-cable_swap
20861.png,hazelnut,good,hazelnut-good
20862.png,metal_nut,good,metal_nut-good
20863.png,screw,good,screw-good
20864.png,carpet,cut,carpet-cut
20865.png,transistor,good,transistor-good
20866.png,toothbrush,defective,toothbrush-defective
20867.png,cable,cut_outer_insulation,cable-cut_outer_insulation
20868.png,zipper,good,zipper-good
20869.png,cable,good,cable-good
20870.png,carpet,good,carpet-good
20871.png,leather,glue,leather-glue
20872.png,pill,good,pill-good
20873.png,pill,faulty_imprint,pill-faulty_imprint
20874.png,pill,color,pill-color
20875.png,carpet,good,carpet-good
20876.png,screw,thread_top,screw-thread_top
20877.png,wood,hole,wood-hole
20878.png,leather,good,leather-good
20879.png,leather,good,leather-good
20880.png,hazelnut,good,hazelnut-good
20881.png,grid,bent,grid-bent
20882.png,capsule,good,capsule-good
20883.png,capsule,crack,capsule-crack
20884.png,transistor,good,transistor-good
20885.png,tile,good,tile-good
20886.png,screw,scratch_head,screw-scratch_head
20887.png,pill,color,pill-color
20888.png,leather,good,leather-good
20889.png,metal_nut,flip,metal_nut-flip
20890.png,transistor,good,transistor-good
20891.png,zipper,good,zipper-good
20892.png,leather,good,leather-good
20893.png,cable,poke_insulation,cable-poke_insulation
20894.png,leather,cut,leather-cut
20895.png,screw,good,screw-good
20896.png,pill,scratch,pill-scratch
20897.png,screw,good,screw-good
20898.png,cable,combined,cable-combined
20899.png,carpet,good,carpet-good
20900.png,transistor,damaged_case,transistor-damaged_case
20901.png,leather,good,leather-good
20902.png,screw,good,screw-good
20903.png,pill,good,pill-good
20904.png,capsule,faulty_imprint,capsule-faulty_imprint
20905.png,zipper,rough,zipper-rough
20906.png,leather,fold,leather-fold
20907.png,capsule,crack,capsule-crack
20908.png,screw,scratch_neck,screw-scratch_neck
20909.png,metal_nut,scratch,metal_nut-scratch
20910.png,tile,glue_strip,tile-glue_strip
20911.png,pill,good,pill-good
20912.png,zipper,broken_teeth,zipper-broken_teeth
20913.png,capsule,squeeze,capsule-squeeze
20914.png,leather,glue,leather-glue
20915.png,screw,thread_top,screw-thread_top
20916.png,metal_nut,flip,metal_nut-flip
20917.png,screw,thread_top,screw-thread_top
20918.png,tile,oil,tile-oil
20919.png,transistor,misplaced,transistor-misplaced
20920.png,hazelnut,good,hazelnut-good
20921.png,screw,good,screw-good
20922.png,tile,rough,tile-rough
20923.png,zipper,good,zipper-good
20924.png,metal_nut,flip,metal_nut-flip
20925.png,leather,glue,leather-glue
20926.png,cable,bent_wire,cable-bent_wire
20927.png,toothbrush,good,toothbrush-good
20928.png,cable,good,cable-good
20929.png,toothbrush,good,toothbrush-good
20930.png,tile,good,tile-good
20931.png,cable,cable_swap,cable-cable_swap
20932.png,capsule,squeeze,capsule-squeeze
20933.png,metal_nut,color,metal_nut-color
20934.png,capsule,poke,capsule-poke
20935.png,pill,good,pill-good
20936.png,tile,oil,tile-oil
20937.png,leather,cut,leather-cut
20938.png,carpet,color,carpet-color
20939.png,leather,good,leather-good
20940.png,carpet,thread,carpet-thread
20941.png,leather,fold,leather-fold
20942.png,screw,scratch_neck,screw-scratch_neck
20943.png,screw,manipulated_front,screw-manipulated_front
20944.png,bottle,contamination,bottle-contamination
20945.png,leather,good,leather-good
20946.png,leather,glue,leather-glue
20947.png,capsule,scratch,capsule-scratch
20948.png,zipper,squeezed_teeth,zipper-squeezed_teeth
20949.png,hazelnut,hole,hazelnut-hole
20950.png,capsule,scratch,capsule-scratch
20951.png,metal_nut,scratch,metal_nut-scratch
20952.png,tile,good,tile-good
20953.png,grid,thread,grid-thread
20954.png,screw,good,screw-good
20955.png,carpet,thread,carpet-thread
20956.png,capsule,poke,capsule-poke
20957.png,transistor,bent_lead,transistor-bent_lead
20958.png,capsule,good,capsule-good
20959.png,wood,hole,wood-hole
20960.png,zipper,good,zipper-good
20961.png,screw,scratch_neck,screw-scratch_neck
20962.png,pill,crack,pill-crack
20963.png,hazelnut,hole,hazelnut-hole
20964.png,hazelnut,good,hazelnut-good
20965.png,cable,missing_wire,cable-missing_wire
20966.png,screw,scratch_neck,screw-scratch_neck
20967.png,hazelnut,print,hazelnut-print
20968.png,cable,good,cable-good
20969.png,hazelnut,good,hazelnut-good
20970.png,carpet,good,carpet-good
20971.png,carpet,color,carpet-color
20972.png,bottle,broken_large,bottle-broken_large
20973.png,cable,good,cable-good
20974.png,hazelnut,good,hazelnut-good
20975.png,tile,crack,tile-crack
20976.png,pill,pill_type,pill-pill_type
20977.png,leather,good,leather-good
20978.png,screw,scratch_head,screw-scratch_head
20979.png,screw,good,screw-good
20980.png,leather,good,leather-good
20981.png,carpet,good,carpet-good
20982.png,screw,thread_side,screw-thread_side
20983.png,transistor,good,transistor-good
20984.png,pill,scratch,pill-scratch
20985.png,capsule,squeeze,capsule-squeeze
20986.png,grid,good,grid-good
20987.png,metal_nut,good,metal_nut-good
20988.png,screw,good,screw-good
20989.png,screw,good,screw-good
20990.png,pill,color,pill-color
20991.png,screw,scratch_neck,screw-scratch_neck
20992.png,capsule,good,capsule-good
20993.png,cable,missing_wire,cable-missing_wire
20994.png,cable,good,cable-good
20995.png,bottle,good,bottle-good
20996.png,zipper,fabric_border,zipper-fabric_border
20997.png,bottle,good,bottle-good
20998.png,leather,fold,leather-fold
20999.png,screw,good,screw-good
21000.png,leather,cut,leather-cut
21001.png,capsule,squeeze,capsule-squeeze
21002.png,leather,good,leather-good
21003.png,metal_nut,color,metal_nut-color
21004.png,wood,good,wood-good
21005.png,tile,good,tile-good
21006.png,cable,missing_wire,cable-missing_wire
21007.png,capsule,good,capsule-good
21008.png,tile,good,tile-good
21009.png,screw,scratch_head,screw-scratch_head
21010.png,zipper,good,zipper-good
21011.png,pill,faulty_imprint,pill-faulty_imprint
21012.png,tile,crack,tile-crack
21013.png,cable,good,cable-good
21014.png,leather,good,leather-good
21015.png,screw,scratch_neck,screw-scratch_neck
21016.png,pill,crack,pill-crack
21017.png,zipper,split_teeth,zipper-split_teeth
21018.png,hazelnut,crack,hazelnut-crack
21019.png,pill,contamination,pill-contamination
21020.png,screw,thread_top,screw-thread_top
21021.png,tile,rough,tile-rough
21022.png,pill,good,pill-good
21023.png,metal_nut,bent,metal_nut-bent
21024.png,hazelnut,print,hazelnut-print
21025.png,cable,good,cable-good
21026.png,metal_nut,color,metal_nut-color
21027.png,pill,faulty_imprint,pill-faulty_imprint
21028.png,cable,good,cable-good
21029.png,zipper,split_teeth,zipper-split_teeth
21030.png,leather,poke,leather-poke
21031.png,transistor,good,transistor-good
21032.png,tile,rough,tile-rough
21033.png,metal_nut,flip,metal_nut-flip
21034.png,capsule,scratch,capsule-scratch
21035.png,screw,good,screw-good
21036.png,pill,good,pill-good
21037.png,capsule,good,capsule-good
21038.png,hazelnut,good,hazelnut-good
21039.png,capsule,good,capsule-good
21040.png,metal_nut,good,metal_nut-good
21041.png,tile,glue_strip,tile-glue_strip
21042.png,transistor,good,transistor-good
21043.png,transistor,good,transistor-good
21044.png,carpet,good,carpet-good
21045.png,screw,good,screw-good
21046.png,transistor,good,transistor-good
21047.png,grid,broken,grid-broken
21048.png,cable,good,cable-good
21049.png,transistor,bent_lead,transistor-bent_lead
21050.png,cable,good,cable-good
21051.png,carpet,good,carpet-good
21052.png,wood,color,wood-color
21053.png,zipper,fabric_border,zipper-fabric_border
21054.png,toothbrush,good,toothbrush-good
21055.png,capsule,good,capsule-good
21056.png,cable,good,cable-good
21057.png,capsule,good,capsule-good
21058.png,zipper,fabric_border,zipper-fabric_border
21059.png,grid,good,grid-good
21060.png,zipper,good,zipper-good
21061.png,leather,good,leather-good
21062.png,cable,cable_swap,cable-cable_swap
21063.png,screw,manipulated_front,screw-manipulated_front
21064.png,hazelnut,good,hazelnut-good
21065.png,metal_nut,bent,metal_nut-bent
21066.png,carpet,thread,carpet-thread
21067.png,metal_nut,color,metal_nut-color
21068.png,carpet,hole,carpet-hole
21069.png,tile,good,tile-good
21070.png,transistor,good,transistor-good
21071.png,pill,contamination,pill-contamination
21072.png,wood,good,wood-good
21073.png,capsule,good,capsule-good
21074.png,screw,manipulated_front,screw-manipulated_front
21075.png,zipper,good,zipper-good
21076.png,wood,hole,wood-hole
21077.png,screw,good,screw-good
21078.png,bottle,good,bottle-good
21079.png,tile,glue_strip,tile-glue_strip
21080.png,transistor,good,transistor-good
21081.png,capsule,scratch,capsule-scratch
21082.png,tile,good,tile-good
21083.png,pill,crack,pill-crack
21084.png,transistor,good,transistor-good
21085.png,bottle,good,bottle-good
21086.png,bottle,broken_small,bottle-broken_small
21087.png,leather,good,leather-good
21088.png,tile,crack,tile-crack
21089.png,pill,color,pill-color
21090.png,grid,good,grid-good
21091.png,pill,good,pill-good
21092.png,zipper,good,zipper-good
21093.png,leather,good,leather-good
21094.png,hazelnut,good,hazelnut-good
21095.png,metal_nut,good,metal_nut-good
21096.png,hazelnut,print,hazelnut-print
21097.png,wood,scratch,wood-scratch
21098.png,transistor,damaged_case,transistor-damaged_case
21099.png,wood,scratch,wood-scratch
21100.png,cable,bent_wire,cable-bent_wire
21101.png,zipper,good,zipper-good
21102.png,leather,glue,leather-glue
21103.png,bottle,good,bottle-good
21104.png,tile,glue_strip,tile-glue_strip
21105.png,carpet,metal_contamination,carpet-metal_contamination
21106.png,zipper,squeezed_teeth,zipper-squeezed_teeth
21107.png,zipper,good,zipper-good
21108.png,transistor,good,transistor-good
21109.png,capsule,poke,capsule-poke
21110.png,tile,good,tile-good
21111.png,transistor,good,transistor-good
21112.png,wood,liquid,wood-liquid
21113.png,metal_nut,good,metal_nut-good
21114.png,bottle,good,bottle-good
21115.png,carpet,good,carpet-good
21116.png,cable,cut_outer_insulation,cable-cut_outer_insulation
21117.png,cable,good,cable-good
21118.png,metal_nut,good,metal_nut-good
21119.png,transistor,good,transistor-good
21120.png,metal_nut,scratch,metal_nut-scratch
21121.png,tile,good,tile-good
21122.png,pill,crack,pill-crack
21123.png,pill,scratch,pill-scratch
21124.png,tile,crack,tile-crack
21125.png,zipper,fabric_border,zipper-fabric_border
21126.png,wood,good,wood-good
21127.png,screw,thread_side,screw-thread_side
21128.png,hazelnut,good,hazelnut-good
21129.png,carpet,color,carpet-color
21130.png,transistor,good,transistor-good
21131.png,cable,good,cable-good
21132.png,cable,good,cable-good
21133.png,toothbrush,defective,toothbrush-defective
21134.png,screw,thread_side,screw-thread_side
21135.png,transistor,good,transistor-good
21136.png,wood,good,wood-good
21137.png,hazelnut,good,hazelnut-good
21138.png,cable,bent_wire,cable-bent_wire
21139.png,wood,combined,wood-combined
21140.png,zipper,good,zipper-good
21141.png,tile,crack,tile-crack
21142.png,capsule,crack,capsule-crack
21143.png,hazelnut,good,hazelnut-good
21144.png,hazelnut,good,hazelnut-good
21145.png,cable,cut_inner_insulation,cable-cut_inner_insulation
21146.png,hazelnut,cut,hazelnut-cut
21147.png,tile,good,tile-good
21148.png,screw,good,screw-good
21149.png,grid,broken,grid-broken
21150.png,transistor,good,transistor-good
21151.png,tile,glue_strip,tile-glue_strip
21152.png,cable,good,cable-good
21153.png,bottle,broken_small,bottle-broken_small
21154.png,zipper,broken_teeth,zipper-broken_teeth
21155.png,zipper,fabric_interior,zipper-fabric_interior
21156.png,leather,poke,leather-poke
21157.png,screw,manipulated_front,screw-manipulated_front
21158.png,pill,good,pill-good
21159.png,zipper,fabric_border,zipper-fabric_border
21160.png,transistor,good,transistor-good
21161.png,bottle,contamination,bottle-contamination
21162.png,transistor,good,transistor-good
21163.png,cable,poke_insulation,cable-poke_insulation
21164.png,capsule,good,capsule-good
21165.png,screw,good,screw-good
21166.png,leather,cut,leather-cut
21167.png,capsule,good,capsule-good
21168.png,transistor,good,transistor-good
21169.png,cable,good,cable-good
21170.png,zipper,good,zipper-good
21171.png,cable,good,cable-good
21172.png,wood,good,wood-good
21173.png,screw,thread_top,screw-thread_top
21174.png,tile,oil,tile-oil
21175.png,pill,faulty_imprint,pill-faulty_imprint
21176.png,leather,cut,leather-cut
21177.png,grid,good,grid-good
21178.png,grid,glue,grid-glue
21179.png,transistor,misplaced,transistor-misplaced
21180.png,leather,glue,leather-glue
21181.png,tile,good,tile-good
21182.png,grid,good,grid-good
21183.png,bottle,broken_small,bottle-broken_small
21184.png,toothbrush,defective,toothbrush-defective
21185.png,carpet,thread,carpet-thread
21186.png,bottle,good,bottle-good
21187.png,bottle,contamination,bottle-contamination
21188.png,hazelnut,print,hazelnut-print
21189.png,tile,rough,tile-rough
21190.png,cable,bent_wire,cable-bent_wire
21191.png,capsule,scratch,capsule-scratch
21192.png,capsule,squeeze,capsule-squeeze
21193.png,transistor,good,transistor-good
21194.png,hazelnut,cut,hazelnut-cut
21195.png,bottle,good,bottle-good
21196.png,wood,good,wood-good
21197.png,grid,bent,grid-bent
21198.png,toothbrush,defective,toothbrush-defective
21199.png,hazelnut,hole,hazelnut-hole
21200.png,screw,good,screw-good
21201.png,carpet,color,carpet-color
21202.png,zipper,split_teeth,zipper-split_teeth
21203.png,bottle,broken_small,bottle-broken_small
21204.png,cable,good,cable-good
21205.png,metal_nut,bent,metal_nut-bent
21206.png,bottle,contamination,bottle-contamination
21207.png,metal_nut,flip,metal_nut-flip
21208.png,bottle,good,bottle-good
21209.png,screw,good,screw-good
21210.png,wood,good,wood-good
21211.png,cable,good,cable-good
21212.png,zipper,fabric_interior,zipper-fabric_interior
21213.png,leather,good,leather-good
21214.png,wood,scratch,wood-scratch
21215.png,cable,good,cable-good
21216.png,capsule,squeeze,capsule-squeeze
21217.png,zipper,good,zipper-good
21218.png,bottle,broken_small,bottle-broken_small
21219.png,bottle,good,bottle-good
21220.png,pill,good,pill-good
21221.png,metal_nut,scratch,metal_nut-scratch
21222.png,pill,contamination,pill-contamination
21223.png,capsule,poke,capsule-poke
21224.png,cable,cut_inner_insulation,cable-cut_inner_insulation
21225.png,cable,good,cable-good
21226.png,capsule,poke,capsule-poke
21227.png,cable,good,cable-good
21228.png,grid,metal_contamination,grid-metal_contamination
21229.png,toothbrush,defective,toothbrush-defective
21230.png,pill,crack,pill-crack
21231.png,carpet,hole,carpet-hole
21232.png,pill,scratch,pill-scratch
21233.png,transistor,bent_lead,transistor-bent_lead
21234.png,zipper,combined,zipper-combined
21235.png,tile,oil,tile-oil
21236.png,grid,thread,grid-thread
21237.png,tile,glue_strip,tile-glue_strip
21238.png,capsule,faulty_imprint,capsule-faulty_imprint
21239.png,leather,color,leather-color
21240.png,pill,color,pill-color
21241.png,toothbrush,good,toothbrush-good
21242.png,screw,scratch_head,screw-scratch_head
21243.png,transistor,good,transistor-good
21244.png,zipper,good,zipper-good
21245.png,carpet,hole,carpet-hole
21246.png,cable,good,cable-good
21247.png,cable,good,cable-good
21248.png,transistor,good,transistor-good
21249.png,zipper,squeezed_teeth,zipper-squeezed_teeth
21250.png,tile,oil,tile-oil
21251.png,screw,good,screw-good
21252.png,screw,good,screw-good
21253.png,carpet,good,carpet-good
21254.png,wood,good,wood-good
21255.png,screw,good,screw-good
21256.png,leather,good,leather-good
21257.png,transistor,bent_lead,transistor-bent_lead
21258.png,leather,good,leather-good
21259.png,cable,good,cable-good
21260.png,screw,scratch_neck,screw-scratch_neck
21261.png,pill,faulty_imprint,pill-faulty_imprint
21262.png,toothbrush,good,toothbrush-good
21263.png,bottle,good,bottle-good
21264.png,transistor,good,transistor-good
21265.png,pill,combined,pill-combined
21266.png,cable,good,cable-good
21267.png,tile,glue_strip,tile-glue_strip
21268.png,capsule,good,capsule-good
21269.png,tile,good,tile-good
21270.png,zipper,broken_teeth,zipper-broken_teeth
21271.png,hazelnut,print,hazelnut-print
21272.png,leather,poke,leather-poke
21273.png,pill,scratch,pill-scratch
21274.png,zipper,good,zipper-good
21275.png,pill,color,pill-color
21276.png,metal_nut,good,metal_nut-good
21277.png,grid,bent,grid-bent
21278.png,transistor,damaged_case,transistor-damaged_case
21279.png,metal_nut,good,metal_nut-good
21280.png,metal_nut,color,metal_nut-color
21281.png,bottle,contamination,bottle-contamination
21282.png,zipper,good,zipper-good
21283.png,leather,good,leather-good
21284.png,pill,good,pill-good
21285.png,leather,color,leather-color
21286.png,zipper,good,zipper-good
21287.png,tile,rough,tile-rough
21288.png,hazelnut,good,hazelnut-good
21289.png,hazelnut,crack,hazelnut-crack
21290.png,pill,color,pill-color
21291.png,cable,cut_inner_insulation,cable-cut_inner_insulation
21292.png,leather,fold,leather-fold
21293.png,hazelnut,good,hazelnut-good
21294.png,pill,scratch,pill-scratch
21295.png,cable,poke_insulation,cable-poke_insulation
21296.png,tile,oil,tile-oil
21297.png,leather,good,leather-good
21298.png,zipper,fabric_border,zipper-fabric_border
21299.png,hazelnut,print,hazelnut-print
21300.png,tile,good,tile-good
21301.png,capsule,squeeze,capsule-squeeze
21302.png,carpet,color,carpet-color
21303.png,cable,good,cable-good
21304.png,hazelnut,good,hazelnut-good
21305.png,tile,glue_strip,tile-glue_strip
21306.png,carpet,hole,carpet-hole
21307.png,hazelnut,good,hazelnut-good
21308.png,transistor,good,transistor-good
21309.png,cable,good,cable-good
21310.png,bottle,good,bottle-good
21311.png,grid,good,grid-good
21312.png,zipper,squeezed_teeth,zipper-squeezed_teeth
21313.png,screw,scratch_head,screw-scratch_head
21314.png,zipper,fabric_border,zipper-fabric_border
21315.png,capsule,good,capsule-good
21316.png,carpet,metal_contamination,carpet-metal_contamination
21317.png,screw,scratch_neck,screw-scratch_neck
21318.png,transistor,cut_lead,transistor-cut_lead
21319.png,pill,good,pill-good
21320.png,zipper,rough,zipper-rough
21321.png,transistor,good,transistor-good
21322.png,capsule,faulty_imprint,capsule-faulty_imprint
21323.png,metal_nut,good,metal_nut-good
21324.png,toothbrush,good,toothbrush-good
21325.png,carpet,good,carpet-good
21326.png,hazelnut,print,hazelnut-print
21327.png,bottle,good,bottle-good
21328.png,screw,good,screw-good
21329.png,transistor,good,transistor-good
21330.png,transistor,misplaced,transistor-misplaced
21331.png,grid,good,grid-good
21332.png,metal_nut,good,metal_nut-good
21333.png,tile,gray_stroke,tile-gray_stroke
21334.png,carpet,good,carpet-good
21335.png,cable,good,cable-good
21336.png,tile,rough,tile-rough
21337.png,grid,good,grid-good
21338.png,metal_nut,good,metal_nut-good
21339.png,metal_nut,good,metal_nut-good
21340.png,hazelnut,good,hazelnut-good
21341.png,cable,good,cable-good
21342.png,hazelnut,crack,hazelnut-crack
21343.png,grid,good,grid-good
21344.png,hazelnut,hole,hazelnut-hole
21345.png,tile,good,tile-good
21346.png,hazelnut,good,hazelnut-good
21347.png,cable,missing_wire,cable-missing_wire
21348.png,transistor,good,transistor-good
21349.png,tile,good,tile-good
21350.png,zipper,split_teeth,zipper-split_teeth
21351.png,tile,crack,tile-crack
21352.png,grid,thread,grid-thread
21353.png,transistor,cut_lead,transistor-cut_lead
21354.png,transistor,good,transistor-good
21355.png,metal_nut,good,metal_nut-good
21356.png,bottle,broken_large,bottle-broken_large
21357.png,wood,liquid,wood-liquid
21358.png,pill,pill_type,pill-pill_type
21359.png,screw,scratch_head,screw-scratch_head
21360.png,zipper,rough,zipper-rough
21361.png,leather,glue,leather-glue
21362.png,tile,good,tile-good
21363.png,transistor,good,transistor-good
21364.png,cable,good,cable-good
21365.png,metal_nut,scratch,metal_nut-scratch
21366.png,transistor,good,transistor-good
21367.png,transistor,good,transistor-good
21368.png,hazelnut,good,hazelnut-good
21369.png,toothbrush,good,toothbrush-good
21370.png,pill,faulty_imprint,pill-faulty_imprint
21371.png,screw,manipulated_front,screw-manipulated_front
21372.png,cable,cut_inner_insulation,cable-cut_inner_insulation
21373.png,zipper,good,zipper-good
21374.png,tile,good,tile-good
21375.png,hazelnut,good,hazelnut-good
21376.png,capsule,scratch,capsule-scratch
21377.png,zipper,good,zipper-good
21378.png,hazelnut,good,hazelnut-good
21379.png,hazelnut,good,hazelnut-good
21380.png,transistor,good,transistor-good
21381.png,toothbrush,defective,toothbrush-defective
21382.png,leather,cut,leather-cut
21383.png,wood,good,wood-good
21384.png,metal_nut,scratch,metal_nut-scratch
21385.png,leather,good,leather-good
21386.png,carpet,thread,carpet-thread
21387.png,carpet,good,carpet-good
21388.png,screw,manipulated_front,screw-manipulated_front
21389.png,screw,good,screw-good
21390.png,zipper,split_teeth,zipper-split_teeth
21391.png,hazelnut,hole,hazelnut-hole
21392.png,hazelnut,good,hazelnut-good
21393.png,hazelnut,good,hazelnut-good
21394.png,cable,good,cable-good
21395.png,capsule,squeeze,capsule-squeeze
21396.png,leather,good,leather-good
21397.png,carpet,good,carpet-good
21398.png,zipper,good,zipper-good
21399.png,cable,good,cable-good
21400.png,tile,good,tile-good
21401.png,grid,glue,grid-glue
21402.png,cable,poke_insulation,cable-poke_insulation
21403.png,hazelnut,print,hazelnut-print
21404.png,metal_nut,scratch,metal_nut-scratch
21405.png,hazelnut,good,hazelnut-good
21406.png,metal_nut,color,metal_nut-color
21407.png,pill,good,pill-good
21408.png,cable,cable_swap,cable-cable_swap
21409.png,pill,good,pill-good
21410.png,carpet,cut,carpet-cut
21411.png,cable,missing_cable,cable-missing_cable
21412.png,metal_nut,good,metal_nut-good
21413.png,capsule,scratch,capsule-scratch
21414.png,cable,good,cable-good
21415.png,toothbrush,good,toothbrush-good
21416.png,bottle,good,bottle-good
21417.png,capsule,scratch,capsule-scratch
21418.png,zipper,fabric_interior,zipper-fabric_interior
21419.png,cable,good,cable-good
21420.png,cable,good,cable-good
21421.png,carpet,color,carpet-color
21422.png,cable,good,cable-good
21423.png,metal_nut,scratch,metal_nut-scratch
21424.png,tile,crack,tile-crack
21425.png,cable,poke_insulation,cable-poke_insulation
21426.png,screw,scratch_neck,screw-scratch_neck
21427.png,transistor,good,transistor-good
21428.png,tile,good,tile-good
21429.png,zipper,good,zipper-good
21430.png,cable,good,cable-good
21431.png,toothbrush,defective,toothbrush-defective
21432.png,grid,good,grid-good
21433.png,metal_nut,flip,metal_nut-flip
21434.png,screw,manipulated_front,screw-manipulated_front
21435.png,pill,color,pill-color
21436.png,zipper,broken_teeth,zipper-broken_teeth
21437.png,metal_nut,scratch,metal_nut-scratch
21438.png,toothbrush,defective,toothbrush-defective
21439.png,carpet,thread,carpet-thread
21440.png,pill,crack,pill-crack
21441.png,pill,good,pill-good
21442.png,screw,good,screw-good
21443.png,capsule,scratch,capsule-scratch
21444.png,cable,missing_cable,cable-missing_cable
21445.png,hazelnut,crack,hazelnut-crack
21446.png,carpet,hole,carpet-hole
21447.png,tile,oil,tile-oil
21448.png,tile,glue_strip,tile-glue_strip
21449.png,transistor,misplaced,transistor-misplaced
21450.png,hazelnut,cut,hazelnut-cut
21451.png,hazelnut,good,hazelnut-good
21452.png,carpet,metal_contamination,carpet-metal_contamination
21453.png,capsule,good,capsule-good
21454.png,pill,good,pill-good
21455.png,zipper,split_teeth,zipper-split_teeth
21456.png,grid,good,grid-good
21457.png,cable,good,cable-good
21458.png,grid,broken,grid-broken
21459.png,carpet,good,carpet-good
21460.png,hazelnut,good,hazelnut-good
21461.png,transistor,good,transistor-good
21462.png,grid,bent,grid-bent
21463.png,leather,good,leather-good
21464.png,carpet,hole,carpet-hole
21465.png,leather,poke,leather-poke
21466.png,hazelnut,good,hazelnut-good
21467.png,zipper,split_teeth,zipper-split_teeth
21468.png,transistor,good,transistor-good
21469.png,bottle,contamination,bottle-contamination
21470.png,transistor,good,transistor-good
21471.png,wood,good,wood-good
21472.png,pill,combined,pill-combined
21473.png,bottle,contamination,bottle-contamination
21474.png,toothbrush,good,toothbrush-good
21475.png,pill,color,pill-color
21476.png,screw,good,screw-good
21477.png,bottle,broken_small,bottle-broken_small
21478.png,cable,cut_outer_insulation,cable-cut_outer_insulation
21479.png,wood,scratch,wood-scratch
21480.png,toothbrush,defective,toothbrush-defective
21481.png,pill,good,pill-good
21482.png,grid,good,grid-good
21483.png,metal_nut,flip,metal_nut-flip
21484.png,transistor,good,transistor-good
21485.png,hazelnut,good,hazelnut-good
21486.png,zipper,broken_teeth,zipper-broken_teeth
21487.png,hazelnut,cut,hazelnut-cut
21488.png,tile,good,tile-good
21489.png,metal_nut,flip,metal_nut-flip
21490.png,metal_nut,bent,metal_nut-bent
21491.png,leather,good,leather-good
21492.png,capsule,faulty_imprint,capsule-faulty_imprint
21493.png,tile,good,tile-good
21494.png,screw,manipulated_front,screw-manipulated_front
21495.png,hazelnut,crack,hazelnut-crack
21496.png,leather,good,leather-good
21497.png,cable,good,cable-good
21498.png,leather,poke,leather-poke
21499.png,pill,scratch,pill-scratch
21500.png,pill,faulty_imprint,pill-faulty_imprint
21501.png,pill,scratch,pill-scratch
21502.png,leather,good,leather-good
21503.png,metal_nut,flip,metal_nut-flip
21504.png,zipper,split_teeth,zipper-split_teeth
21505.png,zipper,rough,zipper-rough
21506.png,metal_nut,scratch,metal_nut-scratch
21507.png,zipper,rough,zipper-rough
21508.png,hazelnut,crack,hazelnut-crack
21509.png,leather,good,leather-good
21510.png,cable,cable_swap,cable-cable_swap
21511.png,cable,good,cable-good
21512.png,pill,good,pill-good
21513.png,bottle,good,bottle-good
21514.png,capsule,crack,capsule-crack
21515.png,tile,good,tile-good
21516.png,screw,good,screw-good
21517.png,capsule,good,capsule-good
21518.png,carpet,metal_contamination,carpet-metal_contamination
21519.png,bottle,good,bottle-good
21520.png,transistor,damaged_case,transistor-damaged_case
21521.png,metal_nut,good,metal_nut-good
21522.png,pill,combined,pill-combined
21523.png,capsule,poke,capsule-poke
21524.png,hazelnut,good,hazelnut-good
21525.png,pill,contamination,pill-contamination
21526.png,tile,gray_stroke,tile-gray_stroke
21527.png,cable,good,cable-good
21528.png,grid,good,grid-good
21529.png,cable,combined,cable-combined
21530.png,tile,rough,tile-rough
21531.png,carpet,good,carpet-good
21532.png,grid,broken,grid-broken
21533.png,carpet,cut,carpet-cut
21534.png,pill,good,pill-good
21535.png,screw,scratch_neck,screw-scratch_neck
21536.png,metal_nut,color,metal_nut-color
21537.png,carpet,good,carpet-good
21538.png,zipper,broken_teeth,zipper-broken_teeth
21539.png,grid,good,grid-good
21540.png,wood,scratch,wood-scratch
21541.png,metal_nut,bent,metal_nut-bent
21542.png,tile,crack,tile-crack
21543.png,metal_nut,flip,metal_nut-flip
21544.png,tile,good,tile-good
21545.png,transistor,good,transistor-good
21546.png,hazelnut,cut,hazelnut-cut
21547.png,bottle,good,bottle-good
21548.png,screw,thread_side,screw-thread_side
21549.png,leather,cut,leather-cut
21550.png,leather,good,leather-good
21551.png,transistor,damaged_case,transistor-damaged_case
21552.png,leather,glue,leather-glue
21553.png,wood,good,wood-good
21554.png,pill,good,pill-good
21555.png,capsule,good,capsule-good
21556.png,transistor,good,transistor-good
21557.png,transistor,good,transistor-good
21558.png,leather,glue,leather-glue
21559.png,wood,good,wood-good
21560.png,leather,good,leather-good
21561.png,screw,manipulated_front,screw-manipulated_front
21562.png,bottle,good,bottle-good
21563.png,leather,good,leather-good
21564.png,toothbrush,good,toothbrush-good
21565.png,leather,good,leather-good
21566.png,wood,hole,wood-hole
21567.png,grid,good,grid-good
21568.png,pill,scratch,pill-scratch
21569.png,hazelnut,good,hazelnut-good
21570.png,pill,crack,pill-crack
21571.png,carpet,good,carpet-good
21572.png,tile,gray_stroke,tile-gray_stroke
21573.png,pill,good,pill-good
21574.png,pill,faulty_imprint,pill-faulty_imprint
21575.png,toothbrush,good,toothbrush-good
21576.png,capsule,good,capsule-good
21577.png,transistor,good,transistor-good
21578.png,zipper,rough,zipper-rough
21579.png,metal_nut,good,metal_nut-good
21580.png,cable,good,cable-good
21581.png,hazelnut,good,hazelnut-good
21582.png,tile,good,tile-good
21583.png,leather,fold,leather-fold
21584.png,leather,glue,leather-glue
21585.png,cable,poke_insulation,cable-poke_insulation
21586.png,wood,good,wood-good
21587.png,bottle,good,bottle-good
21588.png,bottle,broken_small,bottle-broken_small
21589.png,cable,good,cable-good
21590.png,capsule,good,capsule-good
21591.png,carpet,good,carpet-good
21592.png,pill,contamination,pill-contamination
21593.png,transistor,good,transistor-good
21594.png,carpet,hole,carpet-hole
21595.png,leather,fold,leather-fold
21596.png,leather,good,leather-good
21597.png,carpet,good,carpet-good
21598.png,capsule,good,capsule-good
21599.png,screw,thread_top,screw-thread_top
21600.png,transistor,good,transistor-good
21601.png,pill,good,pill-good
21602.png,screw,good,screw-good
21603.png,grid,good,grid-good
21604.png,capsule,good,capsule-good
21605.png,tile,crack,tile-crack
21606.png,carpet,cut,carpet-cut
21607.png,hazelnut,good,hazelnut-good
21608.png,leather,good,leather-good
21609.png,bottle,broken_small,bottle-broken_small
21610.png,toothbrush,defective,toothbrush-defective
21611.png,wood,good,wood-good
21612.png,zipper,rough,zipper-rough
21613.png,wood,good,wood-good
21614.png,hazelnut,good,hazelnut-good
21615.png,wood,color,wood-color
21616.png,metal_nut,good,metal_nut-good
21617.png,cable,cut_inner_insulation,cable-cut_inner_insulation
21618.png,hazelnut,good,hazelnut-good
21619.png,transistor,damaged_case,transistor-damaged_case
21620.png,capsule,good,capsule-good
21621.png,tile,rough,tile-rough
21622.png,hazelnut,hole,hazelnut-hole
21623.png,wood,liquid,wood-liquid
21624.png,zipper,squeezed_teeth,zipper-squeezed_teeth
21625.png,cable,missing_cable,cable-missing_cable
21626.png,pill,scratch,pill-scratch
21627.png,cable,good,cable-good
21628.png,bottle,good,bottle-good
21629.png,zipper,combined,zipper-combined
21630.png,transistor,good,transistor-good
21631.png,zipper,split_teeth,zipper-split_teeth
21632.png,grid,good,grid-good
21633.png,tile,crack,tile-crack
21634.png,zipper,squeezed_teeth,zipper-squeezed_teeth
21635.png,capsule,good,capsule-good
21636.png,cable,good,cable-good
21637.png,metal_nut,good,metal_nut-good
21638.png,cable,good,cable-good
21639.png,pill,scratch,pill-scratch
21640.png,carpet,hole,carpet-hole
21641.png,capsule,squeeze,capsule-squeeze
21642.png,leather,color,leather-color
21643.png,grid,metal_contamination,grid-metal_contamination
21644.png,transistor,good,transistor-good
21645.png,metal_nut,bent,metal_nut-bent
21646.png,pill,color,pill-color
21647.png,tile,good,tile-good
21648.png,carpet,hole,carpet-hole
21649.png,grid,good,grid-good
21650.png,bottle,broken_large,bottle-broken_large
21651.png,pill,good,pill-good
21652.png,grid,good,grid-good
21653.png,zipper,good,zipper-good
21654.png,bottle,good,bottle-good
21655.png,hazelnut,good,hazelnut-good
21656.png,zipper,good,zipper-good
21657.png,carpet,metal_contamination,carpet-metal_contamination
21658.png,grid,metal_contamination,grid-metal_contamination
21659.png,carpet,good,carpet-good
21660.png,screw,scratch_head,screw-scratch_head
21661.png,metal_nut,color,metal_nut-color
21662.png,capsule,crack,capsule-crack
21663.png,transistor,good,transistor-good
21664.png,screw,scratch_head,screw-scratch_head
21665.png,zipper,broken_teeth,zipper-broken_teeth
21666.png,grid,glue,grid-glue
21667.png,toothbrush,defective,toothbrush-defective
21668.png,screw,scratch_head,screw-scratch_head
21669.png,tile,crack,tile-crack
21670.png,tile,oil,tile-oil
21671.png,hazelnut,cut,hazelnut-cut
21672.png,screw,manipulated_front,screw-manipulated_front
21673.png,toothbrush,good,toothbrush-good
21674.png,cable,missing_cable,cable-missing_cable
21675.png,bottle,broken_large,bottle-broken_large
21676.png,bottle,broken_small,bottle-broken_small
21677.png,metal_nut,flip,metal_nut-flip
21678.png,transistor,good,transistor-good
21679.png,zipper,good,zipper-good
21680.png,bottle,good,bottle-good
21681.png,capsule,good,capsule-good
21682.png,transistor,good,transistor-good
21683.png,screw,scratch_head,screw-scratch_head
21684.png,metal_nut,color,metal_nut-color
21685.png,cable,good,cable-good
21686.png,capsule,scratch,capsule-scratch
21687.png,capsule,faulty_imprint,capsule-faulty_imprint
21688.png,carpet,thread,carpet-thread
21689.png,pill,combined,pill-combined
21690.png,screw,thread_top,screw-thread_top
21691.png,capsule,poke,capsule-poke
21692.png,transistor,good,transistor-good
21693.png,metal_nut,good,metal_nut-good
21694.png,grid,broken,grid-broken
21695.png,cable,cable_swap,cable-cable_swap
21696.png,cable,good,cable-good
21697.png,cable,good,cable-good
21698.png,bottle,good,bottle-good
21699.png,screw,scratch_head,screw-scratch_head
21700.png,toothbrush,defective,toothbrush-defective
21701.png,carpet,hole,carpet-hole
21702.png,toothbrush,good,toothbrush-good
21703.png,carpet,thread,carpet-thread
21704.png,leather,good,leather-good
21705.png,capsule,poke,capsule-poke
21706.png,screw,good,screw-good
21707.png,cable,bent_wire,cable-bent_wire
21708.png,toothbrush,defective,toothbrush-defective
21709.png,bottle,broken_large,bottle-broken_large
21710.png,leather,color,leather-color
21711.png,screw,good,screw-good
21712.png,carpet,cut,carpet-cut
21713.png,bottle,broken_small,bottle-broken_small
21714.png,cable,combined,cable-combined
21715.png,carpet,color,carpet-color
21716.png,screw,thread_top,screw-thread_top
21717.png,leather,poke,leather-poke
21718.png,cable,good,cable-good
21719.png,grid,broken,grid-broken
21720.png,tile,gray_stroke,tile-gray_stroke
21721.png,hazelnut,good,hazelnut-good
21722.png,hazelnut,hole,hazelnut-hole
21723.png,metal_nut,scratch,metal_nut-scratch
21724.png,transistor,good,transistor-good
21725.png,transistor,good,transistor-good
21726.png,cable,missing_wire,cable-missing_wire
21727.png,grid,broken,grid-broken
21728.png,leather,good,leather-good
21729.png,transistor,good,transistor-good
21730.png,leather,glue,leather-glue
21731.png,hazelnut,good,hazelnut-good
21732.png,metal_nut,good,metal_nut-good
21733.png,hazelnut,print,hazelnut-print
21734.png,cable,good,cable-good
21735.png,screw,good,screw-good
21736.png,metal_nut,flip,metal_nut-flip
21737.png,transistor,bent_lead,transistor-bent_lead
21738.png,zipper,good,zipper-good
21739.png,leather,fold,leather-fold
21740.png,hazelnut,good,hazelnut-good
21741.png,grid,good,grid-good
21742.png,pill,faulty_imprint,pill-faulty_imprint
21743.png,capsule,good,capsule-good
21744.png,carpet,metal_contamination,carpet-metal_contamination
21745.png,toothbrush,good,toothbrush-good
21746.png,carpet,color,carpet-color
21747.png,capsule,good,capsule-good
21748.png,carpet,good,carpet-good
21749.png,wood,scratch,wood-scratch
21750.png,carpet,thread,carpet-thread
21751.png,bottle,contamination,bottle-contamination
21752.png,cable,missing_cable,cable-missing_cable
21753.png,hazelnut,hole,hazelnut-hole
21754.png,hazelnut,hole,hazelnut-hole
21755.png,carpet,good,carpet-good
21756.png,screw,good,screw-good
21757.png,cable,poke_insulation,cable-poke_insulation
21758.png,tile,good,tile-good
21759.png,zipper,good,zipper-good
21760.png,wood,good,wood-good
21761.png,pill,scratch,pill-scratch
21762.png,tile,good,tile-good
21763.png,capsule,faulty_imprint,capsule-faulty_imprint
21764.png,grid,good,grid-good
21765.png,screw,good,screw-good
21766.png,bottle,broken_large,bottle-broken_large
21767.png,transistor,good,transistor-good
21768.png,toothbrush,defective,toothbrush-defective
21769.png,zipper,fabric_interior,zipper-fabric_interior
21770.png,carpet,good,carpet-good
21771.png,wood,scratch,wood-scratch
21772.png,capsule,squeeze,capsule-squeeze
21773.png,screw,scratch_head,screw-scratch_head
21774.png,cable,good,cable-good
21775.png,metal_nut,color,metal_nut-color
21776.png,capsule,good,capsule-good
21777.png,transistor,good,transistor-good
21778.png,bottle,broken_large,bottle-broken_large
21779.png,capsule,poke,capsule-poke
21780.png,screw,good,screw-good
21781.png,pill,faulty_imprint,pill-faulty_imprint
21782.png,carpet,color,carpet-color
21783.png,cable,good,cable-good
21784.png,screw,good,screw-good
21785.png,pill,faulty_imprint,pill-faulty_imprint
21786.png,zipper,good,zipper-good
21787.png,hazelnut,good,hazelnut-good
21788.png,pill,crack,pill-crack
21789.png,bottle,broken_small,bottle-broken_small
21790.png,toothbrush,good,toothbrush-good
21791.png,zipper,good,zipper-good
21792.png,capsule,poke,capsule-poke
21793.png,zipper,good,zipper-good
21794.png,capsule,good,capsule-good
21795.png,screw,thread_top,screw-thread_top
21796.png,toothbrush,defective,toothbrush-defective
21797.png,cable,good,cable-good
21798.png,grid,good,grid-good
21799.png,zipper,good,zipper-good
21800.png,cable,good,cable-good
21801.png,bottle,good,bottle-good
21802.png,pill,good,pill-good
21803.png,screw,thread_top,screw-thread_top
21804.png,zipper,fabric_interior,zipper-fabric_interior
21805.png,screw,thread_side,screw-thread_side
21806.png,grid,metal_contamination,grid-metal_contamination
21807.png,metal_nut,scratch,metal_nut-scratch
21808.png,leather,color,leather-color
21809.png,zipper,fabric_border,zipper-fabric_border
21810.png,zipper,good,zipper-good
21811.png,zipper,rough,zipper-rough
21812.png,tile,good,tile-good
21813.png,tile,crack,tile-crack
21814.png,carpet,cut,carpet-cut
21815.png,tile,good,tile-good
21816.png,pill,good,pill-good
21817.png,carpet,cut,carpet-cut
21818.png,zipper,broken_teeth,zipper-broken_teeth
21819.png,tile,good,tile-good
21820.png,toothbrush,defective,toothbrush-defective
21821.png,cable,good,cable-good
21822.png,metal_nut,color,metal_nut-color
21823.png,leather,color,leather-color
21824.png,tile,oil,tile-oil
21825.png,bottle,good,bottle-good
21826.png,hazelnut,hole,hazelnut-hole
21827.png,grid,good,grid-good
21828.png,zipper,fabric_border,zipper-fabric_border
21829.png,tile,oil,tile-oil
21830.png,zipper,combined,zipper-combined
21831.png,carpet,hole,carpet-hole
21832.png,pill,scratch,pill-scratch
21833.png,carpet,metal_contamination,carpet-metal_contamination
21834.png,carpet,good,carpet-good
21835.png,screw,scratch_head,screw-scratch_head
21836.png,metal_nut,good,metal_nut-good
21837.png,cable,missing_cable,cable-missing_cable
21838.png,grid,good,grid-good
21839.png,cable,cut_outer_insulation,cable-cut_outer_insulation
21840.png,pill,scratch,pill-scratch
21841.png,metal_nut,good,metal_nut-good
21842.png,pill,pill_type,pill-pill_type
21843.png,transistor,good,transistor-good
21844.png,screw,good,screw-good
21845.png,screw,thread_side,screw-thread_side
21846.png,leather,cut,leather-cut
21847.png,pill,color,pill-color
21848.png,pill,combined,pill-combined
21849.png,zipper,good,zipper-good
21850.png,transistor,good,transistor-good
21851.png,zipper,broken_teeth,zipper-broken_teeth
21852.png,zipper,fabric_interior,zipper-fabric_interior
21853.png,cable,cut_inner_insulation,cable-cut_inner_insulation
21854.png,toothbrush,defective,toothbrush-defective
21855.png,wood,hole,wood-hole
21856.png,pill,good,pill-good
21857.png,capsule,scratch,capsule-scratch
21858.png,wood,good,wood-good
21859.png,cable,good,cable-good
21860.png,grid,broken,grid-broken
21861.png,screw,thread_top,screw-thread_top
21862.png,grid,metal_contamination,grid-metal_contamination
21863.png,carpet,good,carpet-good
21864.png,zipper,rough,zipper-rough
21865.png,zipper,good,zipper-good
21866.png,carpet,good,carpet-good
21867.png,hazelnut,print,hazelnut-print
21868.png,carpet,thread,carpet-thread
21869.png,carpet,good,carpet-good
21870.png,capsule,faulty_imprint,capsule-faulty_imprint
21871.png,zipper,good,zipper-good
21872.png,leather,good,leather-good
21873.png,carpet,color,carpet-color
21874.png,carpet,thread,carpet-thread
21875.png,screw,manipulated_front,screw-manipulated_front
21876.png,cable,good,cable-good
21877.png,wood,scratch,wood-scratch
21878.png,leather,good,leather-good
21879.png,tile,gray_stroke,tile-gray_stroke
21880.png,capsule,scratch,capsule-scratch
21881.png,capsule,crack,capsule-crack
21882.png,screw,good,screw-good
21883.png,zipper,squeezed_teeth,zipper-squeezed_teeth
21884.png,zipper,broken_teeth,zipper-broken_teeth
21885.png,cable,good,cable-good
21886.png,screw,good,screw-good
21887.png,toothbrush,defective,toothbrush-defective
21888.png,tile,good,tile-good
21889.png,capsule,crack,capsule-crack
21890.png,capsule,squeeze,capsule-squeeze
21891.png,leather,cut,leather-cut
21892.png,grid,good,grid-good
21893.png,cable,good,cable-good
21894.png,tile,glue_strip,tile-glue_strip
21895.png,leather,good,leather-good
21896.png,transistor,good,transistor-good
21897.png,carpet,good,carpet-good
21898.png,wood,scratch,wood-scratch
21899.png,grid,metal_contamination,grid-metal_contamination
21900.png,pill,good,pill-good
21901.png,transistor,good,transistor-good
21902.png,hazelnut,cut,hazelnut-cut
21903.png,transistor,good,transistor-good
21904.png,cable,bent_wire,cable-bent_wire
21905.png,screw,good,screw-good
21906.png,transistor,good,transistor-good
21907.png,tile,rough,tile-rough
21908.png,bottle,good,bottle-good
21909.png,pill,contamination,pill-contamination
21910.png,zipper,good,zipper-good
21911.png,tile,good,tile-good
21912.png,wood,liquid,wood-liquid
21913.png,hazelnut,good,hazelnut-good
21914.png,metal_nut,good,metal_nut-good
21915.png,toothbrush,good,toothbrush-good
21916.png,screw,good,screw-good
21917.png,leather,poke,leather-poke
21918.png,zipper,fabric_interior,zipper-fabric_interior
21919.png,toothbrush,good,toothbrush-good
21920.png,cable,good,cable-good
21921.png,metal_nut,scratch,metal_nut-scratch
21922.png,capsule,good,capsule-good
21923.png,transistor,good,transistor-good
21924.png,cable,good,cable-good
21925.png,grid,glue,grid-glue
21926.png,leather,fold,leather-fold
21927.png,pill,scratch,pill-scratch
21928.png,bottle,good,bottle-good
21929.png,screw,good,screw-good
21930.png,transistor,good,transistor-good
21931.png,metal_nut,scratch,metal_nut-scratch
21932.png,cable,poke_insulation,cable-poke_insulation
21933.png,carpet,cut,carpet-cut
21934.png,metal_nut,color,metal_nut-color
21935.png,wood,liquid,wood-liquid
21936.png,pill,good,pill-good
21937.png,tile,good,tile-good
21938.png,leather,poke,leather-poke
21939.png,bottle,good,bottle-good
21940.png,hazelnut,good,hazelnut-good
21941.png,leather,good,leather-good
21942.png,wood,scratch,wood-scratch
21943.png,grid,broken,grid-broken
21944.png,cable,combined,cable-combined
21945.png,screw,good,screw-good
21946.png,pill,good,pill-good
21947.png,metal_nut,good,metal_nut-good
21948.png,leather,glue,leather-glue
21949.png,capsule,faulty_imprint,capsule-faulty_imprint
21950.png,cable,cut_outer_insulation,cable-cut_outer_insulation
21951.png,tile,gray_stroke,tile-gray_stroke
21952.png,toothbrush,good,toothbrush-good
21953.png,zipper,fabric_interior,zipper-fabric_interior
21954.png,toothbrush,defective,toothbrush-defective
21955.png,screw,good,screw-good
21956.png,pill,faulty_imprint,pill-faulty_imprint
21957.png,pill,combined,pill-combined
21958.png,metal_nut,bent,metal_nut-bent
21959.png,hazelnut,hole,hazelnut-hole
21960.png,carpet,good,carpet-good
21961.png,wood,good,wood-good
21962.png,leather,good,leather-good
21963.png,wood,scratch,wood-scratch
21964.png,screw,scratch_head,screw-scratch_head
21965.png,wood,color,wood-color
21966.png,zipper,good,zipper-good
21967.png,bottle,contamination,bottle-contamination
21968.png,cable,combined,cable-combined
21969.png,grid,metal_contamination,grid-metal_contamination
21970.png,transistor,good,transistor-good
21971.png,leather,poke,leather-poke
21972.png,tile,good,tile-good
21973.png,leather,poke,leather-poke
21974.png,pill,crack,pill-crack
21975.png,tile,good,tile-good
21976.png,cable,good,cable-good
21977.png,hazelnut,good,hazelnut-good
21978.png,wood,good,wood-good
21979.png,metal_nut,color,metal_nut-color
21980.png,zipper,rough,zipper-rough
21981.png,metal_nut,flip,metal_nut-flip
21982.png,pill,good,pill-good
21983.png,tile,gray_stroke,tile-gray_stroke
21984.png,hazelnut,good,hazelnut-good
21985.png,leather,color,leather-color
21986.png,pill,good,pill-good
21987.png,metal_nut,good,metal_nut-good
21988.png,cable,good,cable-good
21989.png,carpet,good,carpet-good
21990.png,zipper,split_teeth,zipper-split_teeth
21991.png,cable,good,cable-good
21992.png,cable,cut_outer_insulation,cable-cut_outer_insulation
21993.png,transistor,good,transistor-good
21994.png,bottle,good,bottle-good
21995.png,capsule,crack,capsule-crack
21996.png,carpet,metal_contamination,carpet-metal_contamination
21997.png,tile,rough,tile-rough
21998.png,zipper,good,zipper-good
21999.png,screw,good,screw-good
22000.png,screw,good,screw-good
22001.png,bottle,contamination,bottle-contamination
22002.png,carpet,metal_contamination,carpet-metal_contamination
22003.png,bottle,good,bottle-good
22004.png,pill,faulty_imprint,pill-faulty_imprint
22005.png,screw,scratch_neck,screw-scratch_neck
22006.png,cable,good,cable-good
22007.png,zipper,squeezed_teeth,zipper-squeezed_teeth
22008.png,zipper,good,zipper-good
22009.png,grid,glue,grid-glue
22010.png,bottle,broken_small,bottle-broken_small
22011.png,metal_nut,bent,metal_nut-bent
22012.png,metal_nut,color,metal_nut-color
22013.png,carpet,good,carpet-good
22014.png,capsule,squeeze,capsule-squeeze
22015.png,screw,good,screw-good
22016.png,metal_nut,bent,metal_nut-bent
22017.png,screw,good,screw-good
22018.png,wood,hole,wood-hole
22019.png,carpet,good,carpet-good
22020.png,hazelnut,crack,hazelnut-crack
22021.png,transistor,good,transistor-good
22022.png,zipper,split_teeth,zipper-split_teeth
22023.png,hazelnut,good,hazelnut-good
22024.png,capsule,good,capsule-good
22025.png,transistor,good,transistor-good
22026.png,capsule,faulty_imprint,capsule-faulty_imprint
22027.png,capsule,poke,capsule-poke
22028.png,wood,scratch,wood-scratch
22029.png,leather,poke,leather-poke
22030.png,grid,thread,grid-thread
22031.png,zipper,squeezed_teeth,zipper-squeezed_teeth
22032.png,screw,manipulated_front,screw-manipulated_front
22033.png,metal_nut,flip,metal_nut-flip
22034.png,screw,good,screw-good
22035.png,cable,cut_inner_insulation,cable-cut_inner_insulation
22036.png,hazelnut,good,hazelnut-good
22037.png,metal_nut,good,metal_nut-good
22038.png,tile,good,tile-good
22039.png,grid,glue,grid-glue
22040.png,carpet,good,carpet-good
22041.png,metal_nut,scratch,metal_nut-scratch
22042.png,screw,good,screw-good
22043.png,tile,gray_stroke,tile-gray_stroke
22044.png,pill,good,pill-good
22045.png,screw,good,screw-good
22046.png,grid,bent,grid-bent
22047.png,cable,missing_cable,cable-missing_cable
22048.png,cable,good,cable-good
22049.png,pill,contamination,pill-contamination
22050.png,capsule,faulty_imprint,capsule-faulty_imprint
22051.png,leather,poke,leather-poke
22052.png,zipper,fabric_interior,zipper-fabric_interior
22053.png,transistor,cut_lead,transistor-cut_lead
22054.png,screw,manipulated_front,screw-manipulated_front
22055.png,zipper,good,zipper-good
22056.png,cable,cut_inner_insulation,cable-cut_inner_insulation
22057.png,zipper,fabric_border,zipper-fabric_border
22058.png,tile,glue_strip,tile-glue_strip
22059.png,leather,good,leather-good
22060.png,grid,thread,grid-thread
22061.png,transistor,good,transistor-good
22062.png,metal_nut,good,metal_nut-good
22063.png,leather,good,leather-good
22064.png,metal_nut,color,metal_nut-color
22065.png,zipper,good,zipper-good
22066.png,capsule,faulty_imprint,capsule-faulty_imprint
22067.png,hazelnut,crack,hazelnut-crack
22068.png,grid,metal_contamination,grid-metal_contamination
22069.png,pill,color,pill-color
22070.png,zipper,squeezed_teeth,zipper-squeezed_teeth
22071.png,zipper,good,zipper-good
22072.png,bottle,broken_large,bottle-broken_large
22073.png,carpet,hole,carpet-hole
22074.png,screw,good,screw-good
22075.png,carpet,metal_contamination,carpet-metal_contamination
22076.png,capsule,faulty_imprint,capsule-faulty_imprint
22077.png,screw,scratch_head,screw-scratch_head
22078.png,pill,color,pill-color
22079.png,grid,good,grid-good
22080.png,cable,good,cable-good
22081.png,grid,good,grid-good
22082.png,bottle,good,bottle-good
22083.png,pill,good,pill-good
22084.png,hazelnut,good,hazelnut-good
22085.png,zipper,squeezed_teeth,zipper-squeezed_teeth
22086.png,transistor,damaged_case,transistor-damaged_case
22087.png,hazelnut,cut,hazelnut-cut
22088.png,screw,thread_side,screw-thread_side
22089.png,capsule,poke,capsule-poke
22090.png,capsule,crack,capsule-crack
22091.png,carpet,good,carpet-good
22092.png,pill,faulty_imprint,pill-faulty_imprint
22093.png,tile,good,tile-good
22094.png,cable,good,cable-good
22095.png,pill,color,pill-color
22096.png,transistor,misplaced,transistor-misplaced
22097.png,pill,color,pill-color
22098.png,metal_nut,good,metal_nut-good
22099.png,pill,good,pill-good
22100.png,tile,good,tile-good
22101.png,cable,good,cable-good
22102.png,screw,thread_top,screw-thread_top
22103.png,transistor,good,transistor-good
22104.png,cable,bent_wire,cable-bent_wire
22105.png,capsule,good,capsule-good
22106.png,metal_nut,good,metal_nut-good
22107.png,leather,good,leather-good
22108.png,metal_nut,good,metal_nut-good
22109.png,hazelnut,good,hazelnut-good
22110.png,carpet,color,carpet-color
22111.png,cable,bent_wire,cable-bent_wire
22112.png,pill,good,pill-good
22113.png,zipper,split_teeth,zipper-split_teeth
22114.png,leather,color,leather-color
22115.png,screw,good,screw-good
22116.png,capsule,poke,capsule-poke
22117.png,screw,thread_top,screw-thread_top
22118.png,cable,good,cable-good
22119.png,pill,good,pill-good
22120.png,screw,manipulated_front,screw-manipulated_front
22121.png,transistor,good,transistor-good
22122.png,hazelnut,print,hazelnut-print
22123.png,tile,good,tile-good
22124.png,wood,good,wood-good
22125.png,capsule,good,capsule-good
22126.png,bottle,broken_small,bottle-broken_small
22127.png,screw,good,screw-good
22128.png,wood,good,wood-good
22129.png,tile,rough,tile-rough
22130.png,grid,thread,grid-thread
22131.png,pill,color,pill-color
22132.png,grid,bent,grid-bent
22133.png,grid,thread,grid-thread
22134.png,metal_nut,good,metal_nut-good
22135.png,grid,good,grid-good
22136.png,carpet,good,carpet-good
22137.png,toothbrush,good,toothbrush-good
22138.png,pill,scratch,pill-scratch
22139.png,wood,hole,wood-hole
22140.png,zipper,broken_teeth,zipper-broken_teeth
22141.png,leather,poke,leather-poke
22142.png,toothbrush,good,toothbrush-good
22143.png,toothbrush,defective,toothbrush-defective
22144.png,tile,good,tile-good
22145.png,metal_nut,scratch,metal_nut-scratch
22146.png,cable,good,cable-good
22147.png,grid,broken,grid-broken
22148.png,cable,good,cable-good
22149.png,tile,gray_stroke,tile-gray_stroke
22150.png,screw,good,screw-good
22151.png,grid,good,grid-good
22152.png,cable,poke_insulation,cable-poke_insulation
22153.png,zipper,good,zipper-good
